benchmark,method,fidelity,esp,esp_std,cx_count,depth
ghz,random,0.8591538071501296,0.6159939066309119,0.6317460858618309,8,10
ghz,qiskit_L0,0.8686567604429626,0.6373280343264754,0.6536257692838038,7,11
ghz,qiskit_L1,0.8609569418704643,0.6139668039312072,0.6296671461476662,7,11
ghz,qiskit_L3,0.8601754440309535,0.6270638369353911,0.6430990961194604,7,11
ghz,esp_no_thermal,0.862440960877036,0.6881221707868274,0.7057188120040884,6,10
ghz,esp_thermal,0.8644302855756117,0.6881221707868274,0.7057188120040884,6,10
bv,random,0.86279296875,0.7271916315932568,0.7457873559872399,3,10
bv,qiskit_L0,0.8172607421875,0.6837261151493411,0.7012103405528004,8,13
bv,qiskit_L1,0.8891601562500001,0.7573189084460139,0.7766850467347053,2,9
bv,qiskit_L3,0.8895263671875,0.7573189084460139,0.7766850467347053,2,9
bv,esp_no_thermal,0.9014892578125,0.7683170783343853,0.7879644615208409,2,9
bv,esp_thermal,0.8977050781250001,0.7683170783343853,0.7879644615208409,2,9
qft,random,0.8009033203125,0.08362048638123805,0.08575882715811056,50,77
qft,qiskit_L0,0.873779296875,0.10646064623689945,0.10918305495314005,53,72
qft,qiskit_L1,0.9169921875000001,0.13383683311740682,0.13725930493128333,41,58
qft,qiskit_L3,0.8579101562499999,0.19237244389508373,0.1972917867371241,30,57
qft,esp_no_thermal,0.8666992187500001,0.20201494891882596,0.20718086963401408,47,64
qft,esp_thermal,0.8703613281250001,0.20201494891882596,0.20718086963401408,47,64
qaoa,random,0.9535796144627486,0.41194761841144345,0.4224819315744718,19,40
qaoa,qiskit_L0,0.9515055684363275,0.3987348624799257,0.40893129941183026,19,40
qaoa,qiskit_L1,0.9584702425569732,0.4678338843906895,0.47979731960959454,16,32
qaoa,qiskit_L3,0.9562092621511765,0.4678338843906895,0.47979731960959454,16,32
qaoa,esp_no_thermal,0.9620514540977384,0.47156951584247386,0.48362847852607577,16,32
qaoa,esp_thermal,0.9606053274531483,0.47156951584247386,0.48362847852607577,16,32
routing,random,0.9934152384332704,0.3739903962972986,0.38355406842084,16,20
routing,qiskit_L0,0.991969677120944,0.48014040464685837,0.4924185418631328,18,16
routing,qiskit_L1,0.9948763094618401,0.4746989605202904,0.48683794927708485,12,15
routing,qiskit_L3,0.9958677242523578,0.495167361977148,0.5078297681327967,12,15
routing,esp_no_thermal,0.9954444942830116,0.5391977588904051,0.5529861091443965,13,13
routing,esp_thermal,0.9940769282750399,0.5391977588904051,0.5529861091443965,13,13
