device,benchmark,hot_qubit_count,excess_p1,layout_change_fraction,paired_gain_mean,paired_gain_ci_low,paired_gain_ci_high,oracle_gain_mean,gain_vs_l3_mean,gain_vs_l3_ci_low,gain_vs_l3_ci_high
fake_vigo,ghz,1,0.0,0.0,0.0,0.0,0.0,0.0,0.00074462890625,-0.00113525390625,0.0025881958007812483
fake_vigo,ghz,1,0.005,0.0,0.0,0.0,0.0,0.0,0.00118408203125,-0.00114776611328125,0.0035037231445312483
fake_vigo,ghz,1,0.01,0.0,0.0,0.0,0.0,0.0,0.00015869140625,-0.00305206298828125,0.00286865234375
fake_vigo,ghz,1,0.02,0.0,0.0,0.0,0.0,0.0,0.0024169921875,-0.0060931396484375,0.009509887695312497
fake_vigo,ghz,1,0.05,0.0,0.0,0.0,0.0,0.0,0.00284423828125,-0.01198760986328125,0.017945556640624992
fake_vigo,ghz,1,0.1,0.0,0.0,0.0,0.0,0.0,-0.0061279296875,-0.035498046874999994,0.01843444824218749
fake_vigo,ghz,1,0.15,0.0,0.0,0.0,0.0,0.0,0.01121826171875,-0.035947265624999995,0.05840209960937498
fake_vigo,ghz,2,0.0,0.0,0.0,0.0,0.0,0.0,0.00074462890625,-0.00113525390625,0.0025881958007812483
fake_vigo,ghz,2,0.005,0.0,0.0,0.0,0.0,0.0,-0.000927734375,-0.0036138916015625,0.0015869140625
fake_vigo,ghz,2,0.01,0.0,0.0,0.0,0.0,0.0,-0.00025634765625,-0.00283233642578125,0.0020391845703124968
fake_vigo,ghz,2,0.02,0.0,0.0,0.0,0.0,0.0,-0.00421142578125,-0.011487426757812499,0.004029235839843745
fake_vigo,ghz,2,0.05,0.0,0.0,0.0,0.0,0.0,0.0097412109375,-0.009644775390625,0.027124633789062495
fake_vigo,ghz,2,0.1,0.0,0.0,0.0,0.0,0.0,-0.02513427734375,-0.0532867431640625,0.004346008300781248
fake_vigo,ghz,2,0.15,0.0,0.0,0.0,0.0,0.0,0.03193359375,-0.0185308837890625,0.07478790283203121
fake_vigo,ghz,3,0.0,0.0,0.0,0.0,0.0,0.0,0.00074462890625,-0.00113525390625,0.0025881958007812483
fake_vigo,ghz,3,0.005,0.0,0.0,0.0,0.0,0.0,-0.00018310546875,-0.0022711181640625,0.0018191528320312485
fake_vigo,ghz,3,0.01,0.0,0.0,0.0,0.0,0.0,0.00303955078125,-0.00120880126953125,0.0076904296875
fake_vigo,ghz,3,0.02,0.0,0.0,0.0,0.0,0.0,0.00115966796875,-0.006787109375,0.009546203613281248
fake_vigo,ghz,3,0.05,0.0,0.0,0.0,0.0,0.0,-0.00172119140625,-0.0179815673828125,0.015823669433593732
fake_vigo,ghz,3,0.1,0.0,0.0,0.0,0.0,0.0,0.0064208984375,-0.02531890869140625,0.03751617431640623
fake_vigo,ghz,3,0.15,0.0,0.0,0.0,0.0,0.0,0.02178955078125,-0.01978759765625,0.05954101562499996
fake_vigo,bv,1,0.0,0.0,0.0,0.0,0.0,0.0,-0.00836181640625,-0.01082763671875,-0.005687561035156255
fake_vigo,bv,1,0.005,0.0,0.0,0.0,0.0,0.0,-0.00777587890625,-0.00938720703125,-0.00626220703125
fake_vigo,bv,1,0.01,0.0,0.0,0.0,0.0,0.0,-0.00902099609375,-0.01075439453125,-0.00716552734375
fake_vigo,bv,1,0.02,0.0,0.0,0.0,0.0,0.0,-0.00654296875,-0.00870361328125,-0.004491882324218752
fake_vigo,bv,1,0.05,0.0,0.0,0.0,0.0,0.0,-0.00797119140625,-0.01029052734375,-0.005541687011718752
fake_vigo,bv,1,0.1,0.0,0.0,0.0,0.0,0.0,-0.005419921875,-0.0076174926757812495,-0.0034420776367187515
fake_vigo,bv,1,0.15,0.0,0.0,0.0,0.0,0.0,-0.0053466796875,-0.00832550048828125,-0.002953491210937503
fake_vigo,bv,2,0.0,0.0,0.0,0.0,0.0,0.0,-0.00836181640625,-0.01082763671875,-0.005687561035156255
fake_vigo,bv,2,0.005,0.0,0.0,0.0,0.0,0.0,-0.00965576171875,-0.011669921875,-0.00775146484375
fake_vigo,bv,2,0.01,0.0,0.0,0.0,0.0,0.0,-0.00693359375,-0.0090948486328125,-0.0044921875
fake_vigo,bv,2,0.02,0.0,0.0,0.0,0.0,0.0,-0.0089599609375,-0.01136474609375,-0.006689147949218752
fake_vigo,bv,2,0.05,0.0,0.0,0.0,0.0,0.0,-0.00736083984375,-0.00938720703125,-0.00537109375
fake_vigo,bv,2,0.1,0.0,0.0,0.0,0.0,0.0,-0.0076171875,-0.00924072265625,-0.006286315917968752
fake_vigo,bv,2,0.15,0.0,0.0,0.0,0.0,0.0,-0.005419921875,-0.00698272705078125,-0.00364990234375
fake_vigo,bv,3,0.0,0.0,0.0,0.0,0.0,0.0,-0.00836181640625,-0.01082763671875,-0.005687561035156255
fake_vigo,bv,3,0.005,0.0,0.0,0.0,0.0,0.0,-0.0092529296875,-0.0110595703125,-0.007250671386718752
fake_vigo,bv,3,0.01,0.0,0.0,0.0,0.0,0.0,-0.00760498046875,-0.01060821533203125,-0.0044180297851562555
fake_vigo,bv,3,0.02,0.0,0.0,0.0,0.0,0.0,-0.0073486328125,-0.009472961425781249,-0.005273132324218752
fake_vigo,bv,3,0.05,0.0,0.0,0.0,0.0,0.0,-0.00592041015625,-0.00759307861328125,-0.004345092773437503
fake_vigo,bv,3,0.1,0.0,0.0,0.0,0.0,0.0,-0.00545654296875,-0.00703125,-0.0037960815429687518
fake_vigo,bv,3,0.15,0.0,0.0,0.0,0.0,0.0,-0.003466796875,-0.0058349609375,-0.00087890625
fake_vigo,qft,1,0.0,0.0,0.0,0.0,0.0,0.0,0.02082519531249998,0.017101440429687444,0.02410949707031253
fake_vigo,qft,1,0.005,0.0,0.0,0.0,0.0,0.0,0.021337890625000022,0.0187255859375,0.024206848144531303
fake_vigo,qft,1,0.01,0.0,0.0,0.0,0.0,0.0,0.022070312500000012,0.019958496093750066,0.02412109375
fake_vigo,qft,1,0.02,0.0,0.0,0.0,0.0,0.0,0.019799804687500012,0.01612518310546888,0.0228271484375
fake_vigo,qft,1,0.05,0.0,0.0,0.0,0.0,0.0,0.01856689453125001,0.016405639648437467,0.02045928955078128
fake_vigo,qft,1,0.1,0.0,0.0,0.0,0.0,0.0,0.019006347656249978,0.016893920898437456,0.021264648437500012
fake_vigo,qft,1,0.15,0.0,0.0,0.0,0.0,0.0,0.01572265625,0.01224365234375003,0.01983673095703131
fake_vigo,qft,2,0.0,0.0,0.0,0.0,0.0,0.0,0.02082519531249998,0.017101440429687444,0.02410949707031253
fake_vigo,qft,2,0.005,0.0,0.0,0.0,0.0,0.0,0.02073974609374999,0.0187255859375,0.022460937499999965
fake_vigo,qft,2,0.01,0.0,0.0,0.0,0.0,0.0,0.020922851562499976,0.019335937499999966,0.02238769531250001
fake_vigo,qft,2,0.02,0.0,0.0,0.0,0.0,0.0,0.0204833984375001,0.018469238281250112,0.02298614501953139
fake_vigo,qft,2,0.05,0.0,0.0,0.0,0.0,0.0,0.021728515625000045,0.020410156250000054,0.022924804687500033
fake_vigo,qft,2,0.1,0.0,0.0,0.0,0.0,0.0,0.01413574218750005,0.011901550292968724,0.016772766113281313
fake_vigo,qft,2,0.15,0.0,0.0,0.0,0.0,0.0,0.014807128906249961,0.01229217529296872,0.017200012207031188
fake_vigo,qft,3,0.0,0.0,0.0,0.0,0.0,0.0,0.02082519531249998,0.017101440429687444,0.02410949707031253
fake_vigo,qft,3,0.005,0.0,0.0,0.0,0.0,0.0,0.02154541015624999,0.02026336669921874,0.02307159423828129
fake_vigo,qft,3,0.01,0.0,0.0,0.0,0.0,0.0,0.020788574218750033,0.018541564941406272,0.023340148925781273
fake_vigo,qft,3,0.02,0.0,0.0,0.0,0.0,0.0,0.018322753906249944,0.016454772949218762,0.019971008300781183
fake_vigo,qft,3,0.05,0.0,0.0,0.0,0.0,0.0,0.018066406250000045,0.015881042480468812,0.020386047363281295
fake_vigo,qft,3,0.1,0.0,0.0,0.0,0.0,0.0,0.013269042968750016,0.01131591796875007,0.015417480468749958
fake_vigo,qft,3,0.15,0.0,0.0,0.0,0.0,0.0,0.011328124999999984,0.007824707031250048,0.014660949707031275
fake_vigo,mirror,1,0.0,0.0,0.0,0.0,0.0,0.0,-0.01619873046875,-0.01757843017578125,-0.01492919921875
fake_vigo,mirror,1,0.005,0.0,0.0,0.0,0.0,0.0,-0.0172607421875,-0.01840850830078125,-0.016259765625
fake_vigo,mirror,1,0.01,0.0,0.0,0.0,0.0,0.0,-0.0157470703125,-0.01726104736328125,-0.014257507324218752
fake_vigo,mirror,1,0.02,0.0,0.0,0.0,0.0,0.0,-0.016650390625,-0.01820098876953125,-0.015111999511718752
fake_vigo,mirror,1,0.05,0.0,0.0,0.0,0.0,0.0,-0.01640625,-0.01871368408203125,-0.014098510742187504
fake_vigo,mirror,1,0.1,0.0,0.0,0.0,0.0,0.0,-0.01531982421875,-0.01774932861328125,-0.012817077636718752
fake_vigo,mirror,1,0.15,0.0,0.0,0.0,0.0,0.0,-0.014111328125,-0.01571075439453125,-0.012438659667968753
fake_vigo,mirror,2,0.0,0.0,0.0,0.0,0.0,0.0,-0.01619873046875,-0.01757843017578125,-0.01492919921875
fake_vigo,mirror,2,0.005,0.0,0.0,0.0,0.0,0.0,-0.0149658203125,-0.016943359375,-0.012780456542968752
fake_vigo,mirror,2,0.01,0.0,0.0,0.0,0.0,0.0,-0.0161376953125,-0.01789581298828125,-0.014562683105468752
fake_vigo,mirror,2,0.02,0.0,0.0,0.0,0.0,0.0,-0.01402587890625,-0.015271301269531249,-0.01278076171875
fake_vigo,mirror,2,0.05,0.0,0.0,0.0,0.0,0.0,-0.01312255859375,-0.01405029296875,-0.01217041015625
fake_vigo,mirror,2,0.1,0.0,0.0,0.0,0.0,0.0,-0.01378173828125,-0.01627197265625,-0.011412658691406254
fake_vigo,mirror,2,0.15,0.0,0.0,0.0,0.0,0.0,-0.012255859375,-0.01436798095703125,-0.010155944824218752
fake_vigo,mirror,3,0.0,0.0,0.0,0.0,0.0,0.0,-0.01619873046875,-0.01757843017578125,-0.01492919921875
fake_vigo,mirror,3,0.005,0.0,0.0,0.0,0.0,0.0,-0.0172119140625,-0.01984893798828125,-0.014550476074218752
fake_vigo,mirror,3,0.01,0.0,0.0,0.0,0.0,0.0,-0.01741943359375,-0.01929931640625,-0.015355834960937504
fake_vigo,mirror,3,0.02,0.0,0.0,0.0,0.0,0.0,-0.0162353515625,-0.01798095703125,-0.014391784667968753
fake_vigo,mirror,3,0.05,0.0,0.0,0.0,0.0,0.0,-0.01461181640625,-0.01644317626953125,-0.01297607421875
fake_vigo,mirror,3,0.1,0.0,0.0,0.0,0.0,0.0,-0.0114501953125,-0.013623352050781249,-0.009130859375
fake_vigo,mirror,3,0.15,0.0,0.0,0.0,0.0,0.0,-0.01031494140625,-0.01230499267578125,-0.008215026855468752
fake_guadalupe,ghz,1,0.0,0.0,0.0,0.0,0.0,0.0,-0.07982177734375,-0.08247100830078126,-0.07738922119140627
fake_guadalupe,ghz,1,0.005,0.5,0.0126220703125,0.00390625,0.021353149414062484,0.00047607421875,-0.068603515625,-0.07871246337890625,-0.058092346191406255
fake_guadalupe,ghz,1,0.01,0.6,0.01490478515625,0.005908203125,0.02395050048828125,0.0178955078125,-0.066845703125,-0.0791265869140625,-0.0537103271484375
fake_guadalupe,ghz,1,0.02,0.8,0.02369384765625,0.00820281982421875,0.03936889648437499,0.03729248046875,-0.0644287109375,-0.0823370361328125,-0.04755859375
fake_guadalupe,ghz,1,0.05,0.9,0.0318359375,0.01568359375,0.047889099121093744,0.03961181640625,-0.0661865234375,-0.0938250732421875,-0.03845123291015626
fake_guadalupe,ghz,1,0.1,1.0,0.0757080078125,0.05345428466796875,0.0984747314453125,0.07435302734375,-0.01708984375,-0.041505126953125,0.008973083496093746
fake_guadalupe,ghz,1,0.15,1.0,0.06767578125,0.0356048583984375,0.10320007324218748,0.0698486328125,0.01939697265625,-0.0261737060546875,0.06460113525390625
fake_guadalupe,ghz,2,0.0,0.0,0.0,0.0,0.0,0.0,-0.07982177734375,-0.08247100830078126,-0.07738922119140627
fake_guadalupe,ghz,2,0.005,0.8,0.02401123046875,0.00981842041015625,0.03651153564453125,0.00789794921875,-0.05750732421875,-0.0718389892578125,-0.04454315185546875
fake_guadalupe,ghz,2,0.01,0.9,0.02415771484375,0.011876220703124999,0.03540069580078125,0.03145751953125,-0.0572998046875,-0.071630859375,-0.045128479003906256
fake_guadalupe,ghz,2,0.02,0.9,0.03011474609375,0.01610076904296875,0.042850646972656226,0.007421875,-0.05645751953125,-0.06977691650390626,-0.044638671875000015
fake_guadalupe,ghz,2,0.05,1.0,0.057373046875,0.04229461669921875,0.07551513671874999,0.04171142578125,-0.04205322265625,-0.06616363525390626,-0.012191772460937517
fake_guadalupe,ghz,2,0.1,1.0,0.0925537109375,0.05469970703125,0.12693145751953122,0.08739013671875,0.01121826171875,-0.02718505859375,0.04900421142578122
fake_guadalupe,ghz,2,0.15,1.0,0.09945068359375,0.0532550048828125,0.15060729980468746,0.10364990234375,0.052783203125,0.0035302734375000006,0.09808319091796869
fake_guadalupe,ghz,3,0.0,0.0,0.0,0.0,0.0,0.0,-0.07982177734375,-0.08247100830078126,-0.07738922119140627
fake_guadalupe,ghz,3,0.005,0.9,0.0181884765625,0.00872711181640625,0.027454223632812497,0.00770263671875,-0.06148681640625,-0.07193817138671875,-0.05196380615234376
fake_guadalupe,ghz,3,0.01,0.9,0.0332763671875,0.02098388671875,0.045813903808593744,0.02353515625,-0.046044921875,-0.05982696533203125,-0.032831726074218776
fake_guadalupe,ghz,3,0.02,0.9,0.03319091796875,0.017711181640625,0.04663208007812499,0.03587646484375,-0.04569091796875,-0.0697332763671875,-0.024883422851562538
fake_guadalupe,ghz,3,0.05,0.9,0.04415283203125,0.02271697998046875,0.068458251953125,0.0488525390625,-0.06160888671875,-0.0878192138671875,-0.034531555175781325
fake_guadalupe,ghz,3,0.1,1.0,0.10157470703125,0.04197662353515625,0.15261871337890623,0.10308837890625,-0.00174560546875,-0.03261871337890625,0.029998474121093716
fake_guadalupe,ghz,3,0.15,1.0,0.15189208984375,0.10873992919921875,0.19403167724609374,0.15526123046875,0.0177490234375,-0.045034179687499995,0.08756439208984367
fake_guadalupe,bv,1,0.0,0.0,0.0,0.0,0.0,0.0,-0.0272705078125,-0.028345336914062498,-0.02626922607421875
fake_guadalupe,bv,1,0.005,0.9,-0.00118408203125,-0.01268768310546875,0.008289489746093746,0.009375,-0.03033447265625,-0.04279998779296875,-0.020555725097656255
fake_guadalupe,bv,1,0.01,1.0,0.0069580078125,-0.0004669189453124998,0.012842712402343746,0.00550537109375,-0.02435302734375,-0.03068878173828125,-0.01884735107421875
fake_guadalupe,bv,1,0.02,1.0,0.01500244140625,0.005479736328125,0.02385284423828125,0.00615234375,-0.01514892578125,-0.02034912109375,-0.00970458984375
fake_guadalupe,bv,1,0.05,1.0,0.0251708984375,0.013607177734375,0.03717346191406248,0.027490234375,-0.02794189453125,-0.04390869140625,-0.010814208984375006
fake_guadalupe,bv,1,0.1,1.0,0.04451904296875,0.00830047607421875,0.07645690917968748,0.0372802734375,-0.00977783203125,-0.036834716796875,0.019826660156249988
fake_guadalupe,bv,1,0.15,1.0,0.0619384765625,0.0174761962890625,0.10542297363281249,0.06358642578125,-0.016748046875,-0.05112396240234375,0.02201293945312498
fake_guadalupe,bv,2,0.0,0.0,0.0,0.0,0.0,0.0,-0.0272705078125,-0.028345336914062498,-0.02626922607421875
fake_guadalupe,bv,2,0.005,0.9,-0.001025390625,-0.009375,0.005945434570312497,0.0033203125,-0.0302001953125,-0.0395263671875,-0.022057189941406253
fake_guadalupe,bv,2,0.01,1.0,0.006591796875,-0.0018817138671875,0.0150634765625,0.0103515625,-0.02498779296875,-0.0323974609375,-0.018211364746093757
fake_guadalupe,bv,2,0.02,1.0,0.0071533203125,-0.0008673095703124999,0.016004333496093745,0.0074951171875,-0.0265380859375,-0.0393316650390625,-0.012999877929687504
fake_guadalupe,bv,2,0.05,1.0,0.019140625,0.00346588134765625,0.03519317626953125,0.0153076171875,-0.00692138671875,-0.03704864501953125,0.019751586914062497
fake_guadalupe,bv,2,0.1,1.0,0.0863525390625,0.055247192382812504,0.11408905029296874,0.08408203125,0.00098876953125,-0.02040130615234375,0.0226806640625
fake_guadalupe,bv,2,0.15,1.0,0.12525634765625,0.0803582763671875,0.16813140869140622,0.1236572265625,0.02681884765625,-0.019509277343750003,0.07120452880859374
fake_guadalupe,bv,3,0.0,0.0,0.0,0.0,0.0,0.0,-0.0272705078125,-0.028345336914062498,-0.02626922607421875
fake_guadalupe,bv,3,0.005,0.8,0.005712890625,0.00244140625,0.009583129882812496,0.00284423828125,-0.0201904296875,-0.023524475097656247,-0.01679656982421875
fake_guadalupe,bv,3,0.01,1.0,0.00849609375,0.00157440185546875,0.015527954101562496,0.00992431640625,-0.02552490234375,-0.0384039306640625,-0.014183959960937504
fake_guadalupe,bv,3,0.02,1.0,0.0123046875,-0.007337646484375,0.0317266845703125,0.01536865234375,-0.02828369140625,-0.0442529296875,-0.013377990722656254
fake_guadalupe,bv,3,0.05,1.0,0.035205078125,0.0139971923828125,0.05941528320312498,0.0439208984375,-0.02105712890625,-0.0324713134765625,-0.008677673339843758
fake_guadalupe,bv,3,0.1,1.0,0.09324951171875,0.05560211181640625,0.13437652587890625,0.09388427734375,0.00869140625,-0.01592071533203125,0.034722900390624964
fake_guadalupe,bv,3,0.15,1.0,0.117822265625,0.082578125,0.15166809082031246,0.118896484375,0.0042724609375,-0.04498748779296875,0.05553100585937499
fake_guadalupe,qft,1,0.0,0.0,0.0,0.0,0.0,0.0,-0.07524414062499998,-0.07714874267578124,-0.07329101562499994
fake_guadalupe,qft,1,0.005,1.0,0.02375488281249998,0.003598022460937392,0.04759643554687499,0.024743652343750023,-0.053710937500000014,-0.07287628173828133,-0.030798339843749967
fake_guadalupe,qft,1,0.01,0.9,0.019470214843749965,0.006188659667968674,0.036100158691406134,0.03332519531249996,-0.05874023437500003,-0.07109466552734378,-0.04261444091796883
fake_guadalupe,qft,1,0.02,1.0,0.02630615234375,0.01185211181640616,0.041457519531249924,0.01334228515625,-0.05235595703125003,-0.06914093017578134,-0.03465301513671883
fake_guadalupe,qft,1,0.05,0.9,0.040625,0.0159893798828125,0.06688415527343747,0.04176025390625001,-0.04738769531250001,-0.0717654418945313,-0.023460083007812497
fake_guadalupe,qft,1,0.1,1.0,0.0349365234375,0.006271667480468804,0.06253692626953121,0.04312744140625002,-0.05596923828125004,-0.062366638183593746,-0.04771636962890636
fake_guadalupe,qft,1,0.15,1.0,0.06014404296875,0.03522796630859373,0.08224426269531245,0.07596435546875005,-0.04726562500000003,-0.07395111083984376,-0.019294128417968823
fake_guadalupe,qft,2,0.0,0.0,0.0,0.0,0.0,0.0,-0.07524414062499998,-0.07714874267578124,-0.07329101562499994
fake_guadalupe,qft,2,0.005,0.9,0.008325195312499967,-0.0026254272460937726,0.02093841552734372,0.002124023437499967,-0.06884765624999999,-0.07840667724609375,-0.05747039794921875
fake_guadalupe,qft,2,0.01,1.0,0.023620605468749965,0.011962585449218728,0.03454620361328121,0.021093749999999946,-0.05329589843749999,-0.0634402465820313,-0.043602600097656215
fake_guadalupe,qft,2,0.02,1.0,0.018713378906249977,0.005248107910156249,0.03327850341796869,0.02277832031249999,-0.06549072265625004,-0.08003051757812502,-0.05121704101562505
fake_guadalupe,qft,2,0.05,1.0,0.02301025390624999,-0.0036627197265624895,0.045545959472656244,0.022998046875,-0.06130371093750003,-0.0787274169921875,-0.045372314453125076
fake_guadalupe,qft,2,0.1,1.0,0.06756591796875001,0.03366638183593752,0.09942687988281254,0.07446289062500003,-0.03153076171874995,-0.04704711914062491,-0.01494110107421874
fake_guadalupe,qft,2,0.15,1.0,0.07758789062500003,0.03843505859375006,0.12180480957031253,0.08022460937500003,-0.007226562499999978,-0.036732482910156274,0.019437561035156283
fake_guadalupe,qft,3,0.0,0.0,0.0,0.0,0.0,0.0,-0.07524414062499998,-0.07714874267578124,-0.07329101562499994
fake_guadalupe,qft,3,0.005,1.0,0.009924316406250022,-0.004444274902343706,0.022656555175781235,0.014990234375000012,-0.06711425781249998,-0.08126220703124991,-0.05402770996093755
fake_guadalupe,qft,3,0.01,1.0,0.015551757812500044,0.005139160156250044,0.023449707031250065,0.003942871093750022,-0.06264648437499995,-0.07602600097656244,-0.05159790039062492
fake_guadalupe,qft,3,0.02,1.0,0.013867187499999989,0.008251037597656248,0.019959106445312517,0.013708496093750012,-0.06645507812500004,-0.08040985107421876,-0.05571228027343764
fake_guadalupe,qft,3,0.05,1.0,0.024304199218750065,-0.0029568481445312053,0.04826660156250005,0.023706054687500054,-0.05587158203124994,-0.07484191894531238,-0.03660675048828117
fake_guadalupe,qft,3,0.1,1.0,0.05959472656250002,0.03796020507812509,0.08177490234374994,0.06053466796875005,-0.041809082031250014,-0.06312622070312508,-0.018199462890625014
fake_guadalupe,qft,3,0.15,1.0,0.13358154296875008,0.09075897216796878,0.17798095703125008,0.13460693359375006,0.007812500000000056,-0.02409759521484375,0.046422729492187564
fake_guadalupe,mirror,1,0.0,0.0,0.0,0.0,0.0,0.0,-0.08753662109375,-0.08907470703125,-0.08593719482421876
fake_guadalupe,mirror,1,0.005,0.7,0.00106201171875,-0.01141448974609375,0.014063110351562496,0.002197265625,-0.08837890625,-0.10228363037109375,-0.074840087890625
fake_guadalupe,mirror,1,0.01,0.8,6.103515625e-05,-0.00496856689453125,0.008118591308593746,-0.00369873046875,-0.0902099609375,-0.09620391845703126,-0.08084716796875
fake_guadalupe,mirror,1,0.02,0.9,0.0130859375,0.001597900390625,0.027590637207031234,0.00994873046875,-0.08240966796875,-0.09704620361328126,-0.06557525634765626
fake_guadalupe,mirror,1,0.05,1.0,0.0102294921875,-0.0032986450195312497,0.02629760742187498,0.00955810546875,-0.095263671875,-0.11198760986328125,-0.07757110595703127
fake_guadalupe,mirror,1,0.1,1.0,0.0356201171875,0.0139886474609375,0.057473754882812485,0.018310546875,-0.0651123046875,-0.0909796142578125,-0.04139251708984376
fake_guadalupe,mirror,1,0.15,1.0,0.04674072265625,0.025059509277343753,0.070740966796875,0.04053955078125,-0.07906494140625,-0.10462860107421876,-0.04851989746093752
fake_guadalupe,mirror,2,0.0,0.0,0.0,0.0,0.0,0.0,-0.08753662109375,-0.08907470703125,-0.08593719482421876
fake_guadalupe,mirror,2,0.005,0.8,-0.00419921875,-0.008984985351562499,0.0006604003906249934,0.00152587890625,-0.09296875,-0.09775421142578125,-0.0878289794921875
fake_guadalupe,mirror,2,0.01,0.9,0.00784912109375,-0.009533996582031249,0.025479125976562482,-0.0197265625,-0.08084716796875,-0.1005511474609375,-0.061144104003906255
fake_guadalupe,mirror,2,0.02,1.0,0.00567626953125,-0.0099493408203125,0.02192932128906247,0.00347900390625,-0.08468017578125,-0.10046783447265625,-0.06870086669921875
fake_guadalupe,mirror,2,0.05,1.0,0.0076416015625,-0.0076800537109375,0.02325592041015624,-0.00333251953125,-0.0791259765625,-0.10002532958984375,-0.05744445800781251
fake_guadalupe,mirror,2,0.1,1.0,0.02513427734375,0.00585906982421875,0.04360504150390624,0.03045654296875,-0.07735595703125,-0.10282196044921875,-0.056015014648437514
fake_guadalupe,mirror,2,0.15,1.0,0.05828857421875,0.02014068603515625,0.09546600341796871,0.05335693359375,-0.07083740234375,-0.10674163818359374,-0.03887908935546875
fake_guadalupe,mirror,3,0.0,0.0,0.0,0.0,0.0,0.0,-0.08753662109375,-0.08907470703125,-0.08593719482421876
fake_guadalupe,mirror,3,0.005,0.9,0.00169677734375,-0.010537414550781249,0.014759826660156242,0.011865234375,-0.0865966796875,-0.10019622802734375,-0.0715447998046875
fake_guadalupe,mirror,3,0.01,1.0,0.01605224609375,-0.00240478515625,0.03424407958984373,0.01156005859375,-0.07313232421875,-0.090809326171875,-0.055378723144531274
fake_guadalupe,mirror,3,0.02,1.0,0.0230224609375,0.004588317871093751,0.03953277587890622,0.015087890625,-0.0732666015625,-0.09160552978515625,-0.05649047851562502
fake_guadalupe,mirror,3,0.05,0.9,-0.00123291015625,-0.02130157470703125,0.018628540039062495,0.00418701171875,-0.09300537109375,-0.1144415283203125,-0.06690429687500002
fake_guadalupe,mirror,3,0.1,0.9,0.01446533203125,-0.004554443359374999,0.03509704589843749,0.01873779296875,-0.06719970703125,-0.09290985107421876,-0.028305053710937583
fake_guadalupe,mirror,3,0.15,1.0,0.0691650390625,0.04280975341796875,0.09787780761718748,0.0571044921875,-0.012646484375,-0.04470306396484375,0.01573486328125
