benchmark,comparison,metric_type,p_esp,p_baseline,diff_points,ci_95_low_pts,ci_95_high_pts,p_value_raw,effect_size,effect_type,p_value_holm
ghz,esp_vs_random,success_prob,0.90283203125,0.7423095703125,16.05224609375,15.242767097733397,16.860539654896108,0.0,0.4308679260280419,cohens_h,0.0
ghz,esp_vs_qiskit_L1,success_prob,0.90283203125,0.91455078125,-1.171875,-1.7959349907143214,-0.5482087564095082,0.00023119258863779635,-0.04070318691113206,cohens_h,0.0007
ghz,esp_vs_qiskit_L3,success_prob,0.90283203125,0.916015625,-1.318359375,-1.9401599623163834,-0.6970115870748181,3.216632880453929e-05,-0.045963754864235096,cohens_h,0.0002894969592408536
ghz,esp_vs_qiskit_L3_best3,success_prob,0.90283203125,0.916015625,-1.318359375,-1.9401599623163834,-0.6970115870748181,3.216632880453929e-05,-0.045963754864235096,cohens_h,0.0002894969592408536
bv,esp_vs_random,success_prob,0.8631591796875,0.863525390625,-0.03662109375,-0.7805527150315371,0.7073090902188832,0.9231251704224495,-0.0010661610620092965,cohens_h,0.9231251704224495
bv,esp_vs_qiskit_L1,success_prob,0.8631591796875,0.914306640625,-5.11474609375,-5.79409650424052,-4.4363291103034985,0.0,-0.16367558644587987,cohens_h,0.0
bv,esp_vs_qiskit_L3,success_prob,0.8631591796875,0.91168212890625,-4.852294921875,-5.535328958081603,-4.170100068372133,0.0,-0.1543633820550161,cohens_h,0.0
bv,esp_vs_qiskit_L3_best3,success_prob,0.8631591796875,0.91168212890625,-4.852294921875,-5.535328958081603,-4.170100068372133,0.0,-0.1543633820550161,cohens_h,0.0
mirror,esp_vs_random,success_prob,0.7391357421875,0.50177001953125,23.736572265625,22.714043848239292,24.75176477006747,0.0,0.49514538740723846,cohens_h,0.0
mirror,esp_vs_qiskit_L1,success_prob,0.7391357421875,0.75506591796875,-1.593017578125,-2.5339339804523116,-0.6517437860129973,0.000909728108110297,-0.03665262989755069,cohens_h,0.001819456216220594
mirror,esp_vs_qiskit_L3,success_prob,0.7391357421875,0.69500732421875,4.412841796875,3.438117158740324,5.386444532980821,0.0,0.09803793298407237,cohens_h,0.0
mirror,esp_vs_qiskit_L3_best3,success_prob,0.7391357421875,0.6885986328125,5.0537109375,4.075946065862414,6.0301774070950165,0.0,0.11191728586341654,cohens_h,0.0
qft,esp_vs_random,fidelity,0.7406616210937489,0.640747070312499,9.99145507812499,8.996429443359354,10.974121093749979,0.0001,19.69486492059863,standardized_diff,0.0007
qft,esp_vs_qiskit_L1,fidelity,0.7406616210937489,0.8597412109374987,-11.907958984374979,-12.744293212890614,-11.047363281249979,0.0001,-27.47313711437579,standardized_diff,0.0007
qft,esp_vs_qiskit_L3,fidelity,0.7406616210937489,0.8193359374999987,-7.867431640624978,-8.764648437499979,-6.964111328124989,0.0001,-17.11019282002342,standardized_diff,0.0007
qft,esp_vs_qiskit_L3_best3,fidelity,0.7406616210937489,0.8193359374999987,-7.867431640624978,-8.776855468749979,-6.970214843749989,0.0001,-17.257933204918558,standardized_diff,0.0007
