job_id,backend,calibration_timestamp,queue_seconds,run_seconds,shots,repetition,benchmark,method,metric_type,metric_val,cx_count,depth,layout,shared_circuit
,fake_vigo,2021-01-20T03:30:10-05:00,,,8192,0,ghz,random,success_prob,0.7945556640625,10,13,"[3, 1, 2, 4, 0]",False
,fake_vigo,2021-01-20T03:30:10-05:00,,,8192,0,ghz,qiskit_L1,success_prob,0.8126220703125,7,11,"[4, 3, 1, 2, 0]",False
,fake_vigo,2021-01-20T03:30:10-05:00,,,8192,0,ghz,qiskit_L3,success_prob,0.807861328125,7,11,"[4, 3, 1, 0, 2]",False
,fake_vigo,2021-01-20T03:30:10-05:00,,,8192,0,ghz,qiskit_L3_best3,success_prob,0.819091796875,5,15,"[4, 3, 1, 2, 0]",False
,fake_vigo,2021-01-20T03:30:10-05:00,,,8192,0,ghz,esp_no_thermal,success_prob,0.80517578125,8,15,"[0, 1, 2, 4, 3]",True
,fake_vigo,2021-01-20T03:30:10-05:00,,,8192,0,ghz,esp_thermal,success_prob,0.80517578125,8,15,"[0, 1, 2, 4, 3]",True
,fake_vigo,2021-01-20T03:30:10-05:00,,,8192,0,bv,random,success_prob,0.7796630859375,8,15,"[3, 1, 2, 4, 0]",False
,fake_vigo,2021-01-20T03:30:10-05:00,,,8192,0,bv,qiskit_L1,success_prob,0.8472900390625,2,9,"[3, 4, 0, 2, 1]",True
,fake_vigo,2021-01-20T03:30:10-05:00,,,8192,0,bv,qiskit_L3,success_prob,0.8472900390625,2,9,"[3, 4, 0, 2, 1]",True
,fake_vigo,2021-01-20T03:30:10-05:00,,,8192,0,bv,qiskit_L3_best3,success_prob,0.8472900390625,2,9,"[3, 4, 0, 2, 1]",True
,fake_vigo,2021-01-20T03:30:10-05:00,,,8192,0,bv,esp_no_thermal,success_prob,0.8524169921875,2,9,"[2, 3, 4, 0, 1]",True
,fake_vigo,2021-01-20T03:30:10-05:00,,,8192,0,bv,esp_thermal,success_prob,0.8524169921875,2,9,"[2, 3, 4, 0, 1]",True
,fake_vigo,2021-01-20T03:30:10-05:00,,,8192,0,qft,random,fidelity,0.6759033203125,32,51,"[3, 1, 2, 4, 0]",False
,fake_vigo,2021-01-20T03:30:10-05:00,,,8192,0,qft,qiskit_L1,fidelity,0.6943359375,41,58,"[4, 0, 2, 3, 1]",False
,fake_vigo,2021-01-20T03:30:10-05:00,,,8192,0,qft,qiskit_L3,fidelity,0.728271484375,30,57,"[4, 0, 2, 1, 3]",False
,fake_vigo,2021-01-20T03:30:10-05:00,,,8192,0,qft,qiskit_L3_best3,fidelity,0.7266845703125001,28,50,"[4, 2, 0, 3, 1]",False
,fake_vigo,2021-01-20T03:30:10-05:00,,,8192,0,qft,esp_no_thermal,fidelity,0.69677734375,32,56,"[0, 2, 3, 1, 4]",True
,fake_vigo,2021-01-20T03:30:10-05:00,,,8192,0,qft,esp_thermal,fidelity,0.69677734375,32,56,"[0, 2, 3, 1, 4]",True
,fake_vigo,2021-01-20T03:30:10-05:00,,,8192,0,mirror,random,success_prob,0.622802734375,40,85,"[3, 1, 2, 4, 0]",False
,fake_vigo,2021-01-20T03:30:10-05:00,,,8192,0,mirror,qiskit_L1,success_prob,0.6063232421875,40,53,"[3, 1, 2, 0, 4]",False
,fake_vigo,2021-01-20T03:30:10-05:00,,,8192,0,mirror,qiskit_L3,success_prob,0.6036376953125,38,58,"[3, 1, 0, 2, 4]",True
,fake_vigo,2021-01-20T03:30:10-05:00,,,8192,0,mirror,qiskit_L3_best3,success_prob,0.6036376953125,38,58,"[3, 1, 0, 2, 4]",True
,fake_vigo,2021-01-20T03:30:10-05:00,,,8192,0,mirror,esp_no_thermal,success_prob,0.5882568359375,42,66,"[4, 0, 1, 2, 3]",True
,fake_vigo,2021-01-20T03:30:10-05:00,,,8192,0,mirror,esp_thermal,success_prob,0.5882568359375,42,66,"[4, 0, 1, 2, 3]",True
,fake_vigo,2021-01-20T03:30:10-05:00,,,8192,1,ghz,random,success_prob,0.796142578125,10,13,"[3, 1, 2, 4, 0]",False
,fake_vigo,2021-01-20T03:30:10-05:00,,,8192,1,ghz,qiskit_L1,success_prob,0.81494140625,7,11,"[4, 3, 1, 2, 0]",False
,fake_vigo,2021-01-20T03:30:10-05:00,,,8192,1,ghz,qiskit_L3,success_prob,0.8143310546875,7,11,"[4, 3, 1, 0, 2]",False
,fake_vigo,2021-01-20T03:30:10-05:00,,,8192,1,ghz,qiskit_L3_best3,success_prob,0.8223876953125,5,15,"[4, 3, 1, 2, 0]",False
,fake_vigo,2021-01-20T03:30:10-05:00,,,8192,1,ghz,esp_no_thermal,success_prob,0.8157958984375,8,15,"[0, 1, 2, 4, 3]",True
,fake_vigo,2021-01-20T03:30:10-05:00,,,8192,1,ghz,esp_thermal,success_prob,0.8157958984375,8,15,"[0, 1, 2, 4, 3]",True
,fake_vigo,2021-01-20T03:30:10-05:00,,,8192,1,bv,random,success_prob,0.7762451171875,8,15,"[3, 1, 2, 4, 0]",False
,fake_vigo,2021-01-20T03:30:10-05:00,,,8192,1,bv,qiskit_L1,success_prob,0.8426513671875,2,9,"[3, 4, 0, 2, 1]",True
,fake_vigo,2021-01-20T03:30:10-05:00,,,8192,1,bv,qiskit_L3,success_prob,0.8426513671875,2,9,"[3, 4, 0, 2, 1]",True
,fake_vigo,2021-01-20T03:30:10-05:00,,,8192,1,bv,qiskit_L3_best3,success_prob,0.8426513671875,2,9,"[3, 4, 0, 2, 1]",True
,fake_vigo,2021-01-20T03:30:10-05:00,,,8192,1,bv,esp_no_thermal,success_prob,0.84326171875,2,9,"[2, 3, 4, 0, 1]",True
,fake_vigo,2021-01-20T03:30:10-05:00,,,8192,1,bv,esp_thermal,success_prob,0.84326171875,2,9,"[2, 3, 4, 0, 1]",True
,fake_vigo,2021-01-20T03:30:10-05:00,,,8192,1,qft,random,fidelity,0.6818847656249999,32,51,"[3, 1, 2, 4, 0]",False
,fake_vigo,2021-01-20T03:30:10-05:00,,,8192,1,qft,qiskit_L1,fidelity,0.6834716796875,41,58,"[4, 0, 2, 3, 1]",False
,fake_vigo,2021-01-20T03:30:10-05:00,,,8192,1,qft,qiskit_L3,fidelity,0.7313232421875001,30,57,"[4, 0, 2, 1, 3]",False
,fake_vigo,2021-01-20T03:30:10-05:00,,,8192,1,qft,qiskit_L3_best3,fidelity,0.7268066406250001,28,50,"[4, 2, 0, 3, 1]",False
,fake_vigo,2021-01-20T03:30:10-05:00,,,8192,1,qft,esp_no_thermal,fidelity,0.6960449218750001,32,56,"[0, 2, 3, 1, 4]",True
,fake_vigo,2021-01-20T03:30:10-05:00,,,8192,1,qft,esp_thermal,fidelity,0.6960449218750001,32,56,"[0, 2, 3, 1, 4]",True
,fake_vigo,2021-01-20T03:30:10-05:00,,,8192,1,mirror,random,success_prob,0.624267578125,40,85,"[3, 1, 2, 4, 0]",False
,fake_vigo,2021-01-20T03:30:10-05:00,,,8192,1,mirror,qiskit_L1,success_prob,0.5955810546875,40,53,"[3, 1, 2, 0, 4]",False
,fake_vigo,2021-01-20T03:30:10-05:00,,,8192,1,mirror,qiskit_L3,success_prob,0.60595703125,38,58,"[3, 1, 0, 2, 4]",True
,fake_vigo,2021-01-20T03:30:10-05:00,,,8192,1,mirror,qiskit_L3_best3,success_prob,0.60595703125,38,58,"[3, 1, 0, 2, 4]",True
,fake_vigo,2021-01-20T03:30:10-05:00,,,8192,1,mirror,esp_no_thermal,success_prob,0.5849609375,42,66,"[4, 0, 1, 2, 3]",True
,fake_vigo,2021-01-20T03:30:10-05:00,,,8192,1,mirror,esp_thermal,success_prob,0.5849609375,42,66,"[4, 0, 1, 2, 3]",True
